FPR,TPR,Threshold
0.0,0.0,inf
2.9222676797194625e-05,0.0,1717.6406242267296
0.00017533606078316773,0.0,617.2840467182118
0.00017533606078316773,0.25,613.6355109617236
0.0003798947983635301,0.25,494.9930513681765
0.0003798947983635301,0.5,491.4617924432997
0.25347749853886614,0.5,0.05261165415671489
0.25347749853886614,0.75,0.05260950144786096
0.258416130917592,0.75,0.051465579441317445
0.258416130917592,1.0,0.05146011639050392
0.9997369959088253,1.0,0.000828320334903796
1.0,1.0,0.0
