FPR,TPR,Threshold
0.0,0.0,inf
0.0,0.000432152117545376,0.9999999999999986
0.0,0.06957649092480553,2.0272206101961864e-05
0.3333333333333333,0.06957649092480553,2.018648893739772e-05
0.3333333333333333,0.13007778738115816,1.2541679111751321e-05
0.6666666666666666,0.13007778738115816,1.2506933586498322e-05
0.6666666666666666,0.4040622299049265,6.59414854642641e-06
1.0,0.4040622299049265,6.593531138137001e-06
1.0,1.0,5.290562380678665e-13
