FPR,TPR,Threshold
,0.0,inf
,0.00047778308647873863,7332968.6166711105
,0.9956999522216914,0.002275083519815302
,1.0,0.0
