FPR,TPR,Threshold
,0.0,inf
,0.000437636761487965,7402090.650711921
,0.9960612691466083,0.003628354865318662
,1.0,0.0
