FPR,TPR,Threshold
,0.0,inf
,0.00047778308647873863,7330286.079057306
,1.0,2.4461896736430617e-05
