FPR,TPR,Threshold
0.0,0.0,inf
2.9222676797194625e-05,0.0,1893.575201896052
0.0032729398012857976,0.0,0.4339078209838091
0.0032729398012857976,0.25,0.4240901509362229
0.041876095850379894,0.25,0.1451107774924634
0.041876095850379894,0.5,0.14507447078349917
0.27086499123319696,0.5,0.024356088317942445
0.27086499123319696,0.75,0.024352056567795106
0.48673290473407366,0.75,0.008207478863606673
0.48673290473407366,1.0,0.00820483472562329
1.0,1.0,6.805699398644158e-07
