FPR,TPR,Threshold
,0.0,inf
,0.00047778308647873863,7331314.84779946
,1.0,0.0011630771305899258
