FPR,TPR,Threshold
0.0,0.0,inf
2.9222676797194625e-05,0.0,1893.5519189248582
0.0036820572764465227,0.0,0.40972965332708594
0.0036820572764465227,0.25,0.40607372019355126
0.07022209234365868,0.25,0.09851577095556309
0.07022209234365868,0.5,0.09850781766621285
0.20581531268264172,0.5,0.031031020081139993
0.20581531268264172,0.75,0.031029806637981695
0.5459088252483928,0.75,0.005121451227812578
0.5459088252483928,1.0,0.005121257786244454
1.0,1.0,1.3676319645931382e-06
