Mean_AUROC,Mean_AUPRC
0.6105938241768875,0.2401524025868322
